Customer_ID,Employee_ID,Street_ID,Order_Date,Delivery_Date,Order_ID,Order_Type,Product_ID,Quantity,Total_Retail_Price,CostPrice_Per_Unit,Discount
63,121039,9260125492,11JAN2007,11JAN2007,1230058123,1,220101300017,1,$16.50,$7.45,
5,99999999,9260114570,15JAN2007,19JAN2007,1230080101,2,230100500026,1,$247.50,$109.55,
45,99999999,9260104847,20JAN2007,22JAN2007,1230106883,2,240600100080,1,$28.30,$8.55,
41,120174,1600101527,28JAN2007,28JAN2007,1230147441,1,240600100010,2,$32.00,$6.50,
183,120134,1600100760,27FEB2007,27FEB2007,1230315085,1,240200200039,3,$63.60,$8.80,
79,99999999,9260101874,02MAR2007,03MAR2007,1230333319,2,240100400005,1,$234.60,$115.95,
23,99999999,9260126679,03MAR2007,08MAR2007,1230338566,2,240800200062,1,$35.40,$16.15,
23,99999999,9260126679,03MAR2007,08MAR2007,1230338566,2,240800200063,2,$73.80,$16.85,
45,99999999,9260104847,09MAR2007,11MAR2007,1230371142,2,240500100004,2,$127.00,$28.00,
45,99999999,9260104847,09MAR2007,11MAR2007,1230371142,2,240500200003,1,$23.20,$11.10,
56,121059,9260111871,15MAR2007,15MAR2007,1230404278,1,220200300002,2,$75.00,$17.05,
183,120149,1600100760,22MAR2007,22MAR2007,1230440481,1,230100600005,1,$129.80,$63.20,
16,99999999,3940105865,24MAR2007,26MAR2007,1230450371,2,230100600018,2,$128.40,$32.20,
79,99999999,9260101874,24MAR2007,25MAR2007,1230453723,2,240500200056,1,$24.10,$11.55,
183,120134,1600100760,25MAR2007,25MAR2007,1230455630,1,240200100233,2,$91.80,$22.45,
2788,99999999,9050100001,28MAR2007,30MAR2007,1230478006,2,230100100025,2,$60.60,$13.15,
20,121066,9260118934,01APR2007,01APR2007,1230498538,1,230100300006,1,$68.50,$34.35,
70046,99999999,2600100017,02APR2007,03APR2007,1230500669,3,240200100131,2,$148.60,$41.35,
12386,99999999,4750100001,02APR2007,03APR2007,1230503155,2,220101400310,1,$31.80,$14.20,
23,99999999,9260126679,18APR2007,23APR2007,1230591673,2,220200200024,3,$178.50,$32.25,
36,99999999,9260128237,18APR2007,20APR2007,1230591675,3,240500100039,1,$34.50,$15.40,
79,121045,9260101874,18APR2007,18APR2007,1230591684,1,240200100076,4,"$1,796.00",$246.55,
61,99999999,3940108887,24APR2007,29APR2007,1230619748,2,220200100092,1,$83.00,$41.60,
61,99999999,3940108887,24APR2007,29APR2007,1230619748,2,220200300005,3,$345.00,$52.35,
13,99999999,3940105189,28APR2007,03MAY2007,1230642273,2,230100500082,1,$126.10,$58.60,
171,99999999,1600101555,01MAY2007,04MAY2007,1230657844,3,240100100646,1,$109.90,$46.80,
11171,99999999,2600100032,07MAY2007,09MAY2007,1230690733,3,240200100043,2,$282.40,$69.40,
14703,99999999,4750100002,08MAY2007,11MAY2007,1230699509,2,220100100044,1,$102.10,$48.65,
14703,99999999,4750100002,08MAY2007,11MAY2007,1230699509,2,220100400005,1,$81.30,$40.75,
79,99999999,9260101874,08MAY2007,09MAY2007,1230700421,2,230100100006,1,$176.00,$74.55,
79,99999999,9260101874,08MAY2007,09MAY2007,1230700421,2,230100500045,2,$2.60,$0.60,
79,99999999,9260101874,08MAY2007,09MAY2007,1230700421,2,230100500068,2,$3.40,$0.80,
928,99999999,9050100016,15MAY2007,19MAY2007,1230738723,2,230100600026,2,$237.20,$59.40,
19444,99999999,4750100001,16MAY2007,21MAY2007,1230744524,2,220100700024,1,$99.70,$47.45,
19444,99999999,4750100001,16MAY2007,21MAY2007,1230744524,2,220101000002,1,$17.70,$8.00,
71,121060,9260124130,16MAY2007,16MAY2007,1230745294,1,220200100179,1,$134.50,$67.35,
12,121039,9260103713,18MAY2007,18MAY2007,1230754828,1,220100100272,3,$68.40,$11.50,
12,121039,9260103713,18MAY2007,18MAY2007,1230754828,1,220101400269,4,$268.00,$29.80,
544,99999999,9050100008,21MAY2007,22MAY2007,1230771337,2,230100500012,3,$221.70,$33.25,
111,120148,1600102072,23MAY2007,23MAY2007,1230778996,1,230100500096,1,$35.50,$17.25,
88,99999999,9260100179,25MAY2007,28MAY2007,1230793366,2,240400200097,3,"$1,250.40",$124.20,
23,99999999,9260126679,27MAY2007,01JUN2007,1230804171,2,240500200073,3,$148.50,$20.65,
71,121064,9260124130,31MAY2007,31MAY2007,1230825762,1,230100500093,2,$265.60,$55.85,
23,99999999,9260126679,03JUN2007,08JUN2007,1230841456,2,240700400024,2,$127.20,$33.15,
75,121094,9260108068,03JUN2007,03JUN2007,1230841466,1,240500100062,2,$109.20,$23.85,
75,121094,9260108068,03JUN2007,03JUN2007,1230841466,1,240500200130,2,$56.00,$11.70,
56,121043,9260111871,11JUN2007,11JUN2007,1230885738,1,220101300017,2,$33.00,$7.45,
56,121043,9260111871,11JUN2007,11JUN2007,1230885738,1,220101400098,3,$97.20,$14.85,
18,121086,9260112361,16JUN2007,16JUN2007,1230912536,1,240500200121,2,$50.80,$12.10,
17023,99999999,2600100021,20JUN2007,25JUN2007,1230931366,3,240200200007,2,$166.80,$8.35,
17023,99999999,2600100021,20JUN2007,25JUN2007,1230931366,3,240200200061,2,$261.80,$52.45,
171,99999999,1600101555,03JUL2007,06JUL2007,1231002241,3,220101200029,1,$52.30,$22.65,
70108,99999999,2600100046,04JUL2007,05JUL2007,1231008713,2,240200200039,2,$42.40,$8.80,
2806,99999999,8010100089,04JUL2007,08JUL2007,1231014780,2,240100400043,4,"$1,064.00",$131.50,
215,120145,1600102721,07JUL2007,07JUL2007,1231023774,1,230100500024,1,$22.90,$10.85,
215,120145,1600102721,07JUL2007,07JUL2007,1231023774,1,230100600015,1,$78.20,$39.20,
13,99999999,3940105189,09JUL2007,14JUL2007,1231035308,2,230100600023,2,$146.80,$36.80,
36,99999999,9260128237,15JUL2007,17JUL2007,1231071449,3,240400200057,2,$257.00,$58.05,
36,99999999,9260128237,15JUL2007,17JUL2007,1231071449,3,240400200066,2,$27.60,$6.30,
12,121064,9260103713,16JUL2007,16JUL2007,1231077006,1,230100500095,2,$193.80,$40.00,
61,99999999,3940108887,20JUL2007,25JUL2007,1231094514,2,230100500074,4,$544.00,$51.30,
61,99999999,3940108887,20JUL2007,25JUL2007,1231094514,2,230100600005,2,$259.60,$63.20,
79,121027,9260101874,27JUL2007,27JUL2007,1231135703,1,210200900004,2,$92.00,$16.05,
79,121027,9260101874,27JUL2007,27JUL2007,1231135703,1,210201000050,2,$39.00,$8.95,
31,121059,9260128428,02AUG2007,02AUG2007,1231169108,1,220200300157,3,$220.20,$36.65,
215,120164,1600102721,04AUG2007,04AUG2007,1231176288,1,240500200100,2,$45.40,$10.85,
111,99999999,1600102072,06AUG2007,08AUG2007,1231188317,2,220100900029,1,$30.80,$12.35,
3959,99999999,8010100151,06AUG2007,07AUG2007,1231194004,3,240100100610,2,$122.00,$27.55,
3959,99999999,8010100151,06AUG2007,07AUG2007,1231194004,3,240100400143,2,$330.00,$82.60,
71,120732,9260124130,08AUG2007,08AUG2007,1231204878,1,230100600017,2,$111.40,$27.95,
215,120134,1600102721,09AUG2007,09AUG2007,1231206746,1,240200100232,1,$28.20,$14.20,
70187,99999999,2600100035,13AUG2007,18AUG2007,1231227910,2,240200200013,3,"$1,266.00",$42.20,
20,121040,9260118934,13AUG2007,13AUG2007,1231231220,1,220101400306,2,$145.20,$33.10,
45,121045,9260104847,18AUG2007,18AUG2007,1231259703,1,240200100051,3,$420.90,$72.00,
52,99999999,9260116235,20AUG2007,26AUG2007,1231270767,3,230100600022,2,$168.20,$42.15,
12,121037,9260103713,24AUG2007,24AUG2007,1231292064,1,220101400060,3,$96.30,$14.70,
12,121037,9260103713,24AUG2007,24AUG2007,1231292064,1,220101400117,2,$91.20,$20.85,
16,99999999,3940105865,27AUG2007,04SEP2007,1231305521,2,220200100035,2,$125.20,$31.40,
16,99999999,3940105865,27AUG2007,29AUG2007,1231305531,2,220200100090,2,$177.20,$44.40,
20,121109,9260118934,28AUG2007,28AUG2007,1231314893,1,240700200024,2,$32.00,$6.35,
2806,99999999,8010100089,28AUG2007,01SEP2007,1231316727,2,240100400076,2,$224.60,$68.60,
2806,99999999,8010100089,28AUG2007,01SEP2007,1231316727,2,240100400143,2,$330.00,$82.60,
61,99999999,3940108887,29AUG2007,03SEP2007,1231317443,2,230100700002,2,$440.00,$135.00,
71,121057,9260124130,02SEP2007,02SEP2007,1231341359,1,220200200018,2,$132.80,$30.25,
36,99999999,9260128237,11SEP2007,13SEP2007,1231392762,3,230100600023,2,$146.80,$36.80,
36,99999999,9260128237,15SEP2007,17SEP2007,1231414059,3,240800200008,1,$150.25,$60.10,
70046,99999999,2600100017,23SEP2007,24SEP2007,1231453831,3,240200100052,1,$99.70,$51.40,
70046,99999999,2600100017,23SEP2007,24SEP2007,1231453831,3,240200200015,1,$24.00,$10.55,
52,121044,9260116235,25SEP2007,30SEP2007,1231468750,1,220100100153,1,$50.00,$25.10,
19444,99999999,4750100001,01OCT2007,06OCT2007,1231500373,2,220101200006,1,$52.20,$20.95,
88,121043,9260100179,01OCT2007,01OCT2007,1231501254,1,220100700052,1,$106.10,$50.50,
52,99999999,9260116235,05OCT2007,11OCT2007,1231522431,3,240100100065,1,$34.70,$13.80,
14703,99999999,4750100002,09OCT2007,12OCT2007,1231544990,2,220101400385,1,$24.80,$12.35,
70108,99999999,2600100046,22OCT2007,23OCT2007,1231614059,2,220101200020,1,$55.90,$24.20,
61,99999999,3940108887,23OCT2007,28OCT2007,1231619928,2,230100600036,1,$103.20,$50.40,
11,99999999,3940108592,29OCT2007,03NOV2007,1231653765,3,230100200047,1,$72.70,$35.20,
63,121061,9260125492,29OCT2007,02NOV2007,1231657078,1,220200300116,1,$84.20,$38.35,
5,121025,9260114570,30OCT2007,30OCT2007,1231663230,1,240100100433,1,$3.00,$1.15,
544,99999999,9050100008,12NOV2007,13NOV2007,1231734609,2,230100500091,1,$191.00,$80.45,
1033,99999999,9050100001,12NOV2007,16NOV2007,1231734615,3,230100600005,1,$129.80,$63.20,
17,121037,9260123306,16NOV2007,16NOV2007,1231757107,1,220100100568,1,$84.10,$42.15,
14703,99999999,4750100002,19NOV2007,22NOV2007,1231773634,2,220101400018,2,$45.60,$10.45,
71,121025,9260124130,20NOV2007,20NOV2007,1231780610,1,240100400080,1,$219.90,$109.90,
5,99999999,9260114570,01DEC2007,03DEC2007,1231842118,2,240700300002,2,$43.98,$7.25,
45,121060,9260104847,04DEC2007,04DEC2007,1231858937,1,220200300079,2,$128.60,$28.65,
70187,99999999,2600100035,05DEC2007,10DEC2007,1231861295,2,240200100154,2,$53.20,$11.95,
71,121043,9260124130,10DEC2007,10DEC2007,1231891098,1,220101400091,2,$65.60,$15.00,
88,120733,9260100179,11DEC2007,11DEC2007,1231896710,1,230100500087,1,$93.80,$39.05,
183,120127,1600100760,12DEC2007,12DEC2007,1231898348,1,220101400289,4,$240.80,$27.40,
215,120132,1600102721,14DEC2007,14DEC2007,1231908237,1,240200100180,2,$243.20,$62.90,
17,121020,9260123306,17DEC2007,17DEC2007,1231928627,1,240100400070,1,$175.90,$127.95,
111,120127,1600102072,18DEC2007,18DEC2007,1231930216,1,220100300008,4,$342.80,$34.35,
111,120127,1600102072,19DEC2007,19DEC2007,1231936241,1,220101400017,2,$22.20,$5.00,
5,99999999,9260114570,21DEC2007,23DEC2007,1231950921,2,230100500093,2,$265.60,$55.85,
5,99999999,9260114570,21DEC2007,23DEC2007,1231950921,2,230100600030,1,$86.30,$41.40,
111,99999999,1600102072,22DEC2007,24DEC2007,1231952752,2,220100100298,2,$105.80,$26.55,
70210,99999999,2600100015,22DEC2007,23DEC2007,1231953192,3,240200100052,2,$199.40,$51.40,
5,121037,9260114570,22DEC2007,22DEC2007,1231956902,1,220101400276,2,$136.80,$31.20,
19,99999999,3940106547,26DEC2007,30DEC2007,1231976710,3,240300100020,4,$56.40,$6.05,
19,99999999,3940106547,26DEC2007,30DEC2007,1231976710,3,240300100032,2,"$1,200.20",$300.00,
183,120158,1600100760,27DEC2007,27DEC2007,1231982684,1,240400300033,3,$107.10,$14.35,
195,120148,1600101663,28DEC2007,28DEC2007,1231986335,1,230100500008,1,$38.00,$16.80,
70046,99999999,2600100017,31DEC2007,01JAN2008,1232003930,3,240200100124,2,$49.00,$12.35,
5,99999999,9260114570,31DEC2007,04JAN2008,1232007693,2,240100400044,1,$353.60,$174.75,
5,99999999,9260114570,31DEC2007,04JAN2008,1232007693,2,240100400049,1,$421.20,$212.95,
45,121066,9260104847,31DEC2007,31DEC2007,1232007700,1,230100100045,2,$249.60,$53.60,
45,121066,9260104847,31DEC2007,31DEC2007,1232007700,1,230100200019,2,$398.20,$95.65,
45,121066,9260104847,31DEC2007,31DEC2007,1232007700,1,230100500056,1,$8.00,$3.50,
53,120143,1600103258,13JAN2008,13JAN2008,1232087464,1,230100600022,4,$336.40,$42.15,
49,121039,9260104510,13JAN2008,13JAN2008,1232092527,1,220100200004,1,$6.50,$2.60,
49,121039,9260104510,13JAN2008,13JAN2008,1232092527,1,220100900006,1,$88.40,$35.45,
49,121039,9260104510,13JAN2008,13JAN2008,1232092527,1,220101400150,1,$28.20,$12.90,
34,121040,9260111379,23JAN2008,23JAN2008,1232161564,1,220100100197,1,$101.30,$50.75,
2618,99999999,8010100125,25JAN2008,30JAN2008,1232173841,3,240100100581,1,$28.00,$11.55,
2618,99999999,8010100125,25JAN2008,30JAN2008,1232173841,3,240100400147,1,$248.30,$122.75,
89,99999999,9260116551,01FEB2008,04FEB2008,1232217725,2,230100100062,2,$283.40,$61.00,
195,120150,1600101663,05FEB2008,05FEB2008,1232240447,1,230100200059,2,$77.60,$16.65,
70046,99999999,2600100017,05FEB2008,06FEB2008,1232241009,3,240200200039,1,$22.20,$9.20,
171,120148,1600101555,15FEB2008,15FEB2008,1232307056,1,230100500081,2,$146.00,$30.35,
20,121039,9260118934,15FEB2008,15FEB2008,1232311932,1,220100300025,2,$206.00,$42.40,
23,99999999,9260126679,18FEB2008,22FEB2008,1232331499,2,230100100051,2,$369.80,$78.15,
13,99999999,3940105189,25FEB2008,28FEB2008,1232373481,2,220200100229,1,$165.50,$82.85,
4,99999999,9260106519,02MAR2008,03MAR2008,1232410925,3,240800200030,1,$47.70,$18.80,
4,121100,9260106519,09MAR2008,09MAR2008,1232455720,1,240600100017,1,$53.00,$23.25,
70201,99999999,2600100012,19MAR2008,24MAR2008,1232517885,3,240200100226,1,$183.90,$86.65,
4,99999999,9260106519,20MAR2008,21MAR2008,1232530384,3,240700200019,1,$16.90,$8.60,
49,121037,9260104510,20MAR2008,20MAR2008,1232530393,1,220100100125,1,$33.40,$16.80,
49,121037,9260104510,20MAR2008,20MAR2008,1232530393,1,220100100513,1,$63.90,$32.05,
49,121037,9260104510,20MAR2008,20MAR2008,1232530393,1,220100300019,1,$35.60,$16.70,
92,121068,9260117676,24MAR2008,24MAR2008,1232554759,1,230100600022,1,$84.10,$42.15,
195,120160,1600101663,30MAR2008,30MAR2008,1232590052,1,240400300013,1,$51.80,$21.60,
195,120160,1600101663,30MAR2008,30MAR2008,1232590052,1,240400300035,1,$19.10,$7.70,
89,99999999,9260116551,31MAR2008,03APR2008,1232601472,2,230100500094,2,$173.20,$34.10,
54655,99999999,2600100013,03APR2008,06APR2008,1232618023,2,240200100183,1,$95.70,$47.95,
49,121031,9260104510,07APR2008,15APR2008,1232648239,1,210201000126,1,$6.50,$2.30,
4,99999999,9260106519,08APR2008,09APR2008,1232654929,3,240500100017,4,$214.00,$23.75,
4,99999999,9260106519,08APR2008,09APR2008,1232654929,3,240500100029,1,$58.90,$26.10,
11171,99999999,2600100032,11APR2008,13APR2008,1232672914,3,240200100101,2,$38.80,$10.20,
11171,99999999,2600100032,11APR2008,13APR2008,1232672914,3,240200200011,2,$271.40,$13.00,
9,99999999,3940106659,15APR2008,20APR2008,1232698281,3,230100600035,1,$29.40,$14.15,
4,121041,9260106519,16APR2008,16APR2008,1232709099,1,220101400145,1,$16.70,$7.75,
34,121105,9260111379,16APR2008,16APR2008,1232709115,1,240700100001,3,$70.80,$12.30,
41,99999999,1600101527,19APR2008,23APR2008,1232723799,3,210200600112,1,$21.80,$9.25,
5,99999999,9260114570,19APR2008,23APR2008,1232728634,2,240100100403,1,$168.70,$76.55,
215,120151,1600102721,27APR2008,27APR2008,1232777080,1,230100500012,1,$73.90,$33.25,
215,120151,1600102721,27APR2008,27APR2008,1232777080,1,230100600023,1,$73.40,$36.80,
195,120143,1600101663,29APR2008,29APR2008,1232790793,1,230100200074,1,$50.10,$24.50,
45,99999999,9260104847,08MAY2008,12MAY2008,1232857157,2,230100600030,2,$172.60,$41.40,
908,99999999,9050100023,13MAY2008,17MAY2008,1232889267,2,230100200054,3,$407.40,$61.80,
34,121021,9260111379,14MAY2008,14MAY2008,1232897220,1,240100400129,3,$712.20,$111.00,
544,99999999,9050100008,20MAY2008,21MAY2008,1232936635,2,230100600030,2,$172.60,$41.40,
111,99999999,1600102072,22MAY2008,24MAY2008,1232946301,2,220101400061,2,$102.00,$23.30,
52,99999999,9260116235,23MAY2008,24MAY2008,1232956741,3,230100500008,2,$76.00,$16.80,
171,120145,1600101555,26MAY2008,26MAY2008,1232972274,1,230100200054,1,$135.80,$61.80,
171,120145,1600101555,26MAY2008,26MAY2008,1232972274,1,230100500056,1,$8.00,$3.50,
183,120122,1600100760,28MAY2008,28MAY2008,1232985693,1,240100100186,1,$273.00,$122.80,
4,121109,9260106519,29MAY2008,29MAY2008,1232998740,1,240700100011,3,$80.97,$10.23,
34,121025,9260111379,30MAY2008,30MAY2008,1233003688,1,240100100535,1,$28.60,$12.95,
14104,99999999,4750100001,06JUN2008,09JUN2008,1233049735,3,220101400216,2,$48.80,$11.20,
215,120148,1600102721,09JUN2008,09JUN2008,1233066745,1,230100600022,1,$84.10,$42.15,
49,121060,9260104510,10JUN2008,10JUN2008,1233078086,1,220200200071,2,$200.20,$43.50,
12,121054,9260103713,12JUN2008,12JUN2008,1233092596,1,240300100048,1,$15.50,$6.70,
45,121084,9260104847,18JUN2008,18JUN2008,1233131266,1,240400300039,2,$39.20,$7.90,
171,120121,1600101555,24JUN2008,24JUN2008,1233166411,1,240100100734,1,$10.10,$4.15,
70187,99999999,2600100035,24JUN2008,29JUN2008,1233167161,2,240200100095,2,$237.00,$52.55,
49,121109,9260104510,05JUL2008,05JUL2008,1233243603,1,240700200004,2,$8.40,$2.20,
19444,99999999,4750100001,06JUL2008,11JUL2008,1233248920,2,220100700042,2,$171.20,$36.35,
19444,99999999,4750100001,06JUL2008,11JUL2008,1233248920,2,220101400387,3,$37.80,$5.85,
75,121029,9260108068,09JUL2008,09JUL2008,1233270605,1,210200600085,2,$75.20,$17.00,
70059,99999999,2600100047,11JUL2008,15JUL2008,1233280857,3,220100100609,3,$173.70,$29.05,
5,121053,9260114570,16JUL2008,16JUL2008,1233315988,1,240300200018,1,$87.20,$39.70,
5,121053,9260114570,16JUL2008,16JUL2008,1233315988,1,240300300071,1,$138.00,$60.10,
13,99999999,3940105189,26JUL2008,29JUL2008,1233378724,2,240300100046,1,$14.10,$6.90,
34,121105,9260111379,10AUG2008,10AUG2008,1233482761,1,240700200021,2,$38.80,$10.35,
2550,99999999,8010100009,10AUG2008,15AUG2008,1233484749,3,240100400098,2,$503.60,$125.85,
2550,99999999,8010100009,10AUG2008,15AUG2008,1233484749,3,240100400136,3,$272.70,$45.40,
70201,99999999,2600100012,15AUG2008,20AUG2008,1233514453,3,240200200060,3,$553.50,$73.85,
215,120123,1600102721,18AUG2008,18AUG2008,1233531965,1,240100400112,1,$114.00,$54.80,
4,99999999,9260106519,19AUG2008,20AUG2008,1233543560,3,240500200083,3,$201.90,$28.00,
41,120134,1600101527,20AUG2008,20AUG2008,1233545775,1,240200100007,2,$49.40,$11.80,
41,120134,1600101527,20AUG2008,20AUG2008,1233545775,1,240200100020,1,$189.60,$100.60,
215,120150,1600102721,20AUG2008,20AUG2008,1233545781,1,230100500020,1,$6.20,$2.85,
89,99999999,9260116551,27AUG2008,30AUG2008,1233597637,2,240700400002,2,$67.20,$14.65,
215,120177,1600102721,31AUG2008,31AUG2008,1233618453,1,240700400020,1,$73.40,$38.25,
5,99999999,9260114570,09SEP2008,13SEP2008,1233682051,2,240100100676,1,$43.40,$18.65,
49,121053,9260104510,10SEP2008,10SEP2008,1233689304,1,240300300070,3,"$1,514.40",$229.65,
195,120148,1600101663,03OCT2008,03OCT2008,1233837302,1,230100500026,4,$990.00,$109.55,
195,120148,1600101663,03OCT2008,03OCT2008,1233837302,1,230100600036,3,$309.60,$50.40,
111,99999999,1600102072,12OCT2008,14OCT2008,1233895201,2,220100100371,1,$25.60,$12.90,
111,99999999,1600102072,12OCT2008,14OCT2008,1233895201,2,220101400238,2,$113.80,$25.95,
544,99999999,9050100008,14OCT2008,15OCT2008,1233913196,2,230100400012,1,$29.30,$11.75,
34,121030,9260111379,15OCT2008,15OCT2008,1233920786,1,210200400020,1,$38.00,$19.10,
34,121030,9260111379,15OCT2008,15OCT2008,1233920786,1,210200400070,1,$41.60,$20.90,
52,121135,9260116235,15OCT2008,15OCT2008,1233920795,1,240800200010,1,$120.40,$48.10,
52,121064,9260116235,15OCT2008,15OCT2008,1233920805,1,230100500056,1,$8.00,$3.50,
19873,99999999,4750100001,27OCT2008,03NOV2008,1233998114,2,220100100101,1,$59.70,$29.95,
19873,99999999,4750100001,27OCT2008,03NOV2008,1233998114,2,220100400022,1,$98.90,$47.70,
92,121039,9260117676,01NOV2008,01NOV2008,1234033037,1,220100700022,1,$53.70,$22.75,
75,121069,9260108068,10NOV2008,10NOV2008,1234092222,1,230100500023,1,$7.20,$3.10,
195,120123,1600101663,17NOV2008,17NOV2008,1234133789,1,240100400046,1,$328.30,$165.95,
53,120121,1600103258,25NOV2008,25NOV2008,1234186330,1,240100400095,1,$200.10,$97.75,
49,121035,9260104510,26NOV2008,26NOV2008,1234198497,1,210200100017,1,$39.00,$17.35,
54655,99999999,2600100013,02DEC2008,05DEC2008,1234235150,2,240200200060,2,$369.00,$73.85,
49,121042,9260104510,03DEC2008,03DEC2008,1234247283,1,220100400023,2,$187.20,$40.75,
17,121135,9260123306,04DEC2008,04DEC2008,1234255111,1,240800100039,3,$257.40,$39.90,
23,99999999,9260126679,08DEC2008,12DEC2008,1234279341,2,230100500092,1,$116.70,$48.60,
92,121109,9260117676,11DEC2008,11DEC2008,1234301319,1,240700200010,4,$105.60,$10.10,
70210,99999999,2600100015,15DEC2008,16DEC2008,1234323012,3,240200100098,2,$29.20,$6.75,
70210,99999999,2600100015,15DEC2008,16DEC2008,1234323012,3,240200100101,2,$39.00,$10.30,
70210,99999999,2600100015,15DEC2008,16DEC2008,1234323012,3,240200200035,2,$196.00,$39.30,
4,121069,9260106519,18DEC2008,18DEC2008,1234348668,1,230100100053,2,$92.60,$20.90,
17,121071,9260123306,20DEC2008,20DEC2008,1234360543,1,230100100033,2,$110.20,$25.40,
12,121069,9260103713,22DEC2008,22DEC2008,1234373539,1,230100100013,2,$226.20,$58.90,
111,120123,1600102072,29DEC2008,29DEC2008,1234414529,1,240100100654,2,$90.40,$18.15,
111,120123,1600102072,29DEC2008,29DEC2008,1234414529,1,240100400136,2,$181.80,$45.40,
17,121109,9260123306,29DEC2008,29DEC2008,1234419240,1,240700100013,5,$119.95,$9.75,
195,120150,1600101663,02JAN2009,02JAN2009,1234437760,1,230100600028,2,$193.40,$48.45,
36,99999999,9260128237,11JAN2009,14JAN2009,1234534069,3,240800100026,4,$525.20,$58.55,
183,120121,1600100760,12JAN2009,12JAN2009,1234537441,1,240100200001,1,$16.00,$6.35,
16,99999999,3940105865,12JAN2009,14JAN2009,1234538390,2,220200300015,1,$115.00,$52.40,
16,99999999,3940105865,17JAN2009,19JAN2009,1234588648,2,230100500101,1,$138.70,$62.50,
16,99999999,3940105865,17JAN2009,19JAN2009,1234588648,2,230100600024,1,$76.10,$38.15,
16,99999999,3940105865,24JAN2009,26JAN2009,1234659163,2,230100700008,1,$504.20,$245.80,
63,99999999,9260125492,24JAN2009,25JAN2009,1234665265,2,240100100063,2,$48.40,$9.75,
171,99999999,1600101555,29JAN2009,02FEB2009,1234709803,3,220100100304,2,$122.60,$30.75,
183,120179,1600100760,31JAN2009,31JAN2009,1234727966,1,240700400004,1,$13.20,$5.95,
70221,99999999,2600100019,16FEB2009,18FEB2009,1234891576,3,240200100226,1,$183.90,$86.65,
18,121021,9260112361,16FEB2009,16FEB2009,1234897732,1,240100100672,1,$197.90,$84.90,
24,99999999,9260115784,22FEB2009,27FEB2009,1234958242,2,230100500016,1,$11.90,$5.40,
16,99999999,3940105865,24FEB2009,26FEB2009,1234972570,2,230100200048,1,$68.70,$34.45,
11171,99999999,2600100032,15MAR2009,17MAR2009,1235176942,3,240200100021,1,$2.70,$1.20,
11171,99999999,2600100032,15MAR2009,17MAR2009,1235176942,3,240200100246,1,$16.20,$7.90,
215,120160,1600102721,21MAR2009,21MAR2009,1235236723,1,240400200094,1,$254.20,$115.60,
89,121043,9260116551,24MAR2009,24MAR2009,1235275513,1,220100100241,1,$29.70,$14.95,
111,120122,1600102072,28MAR2009,28MAR2009,1235306679,1,240100200014,1,$55.40,$22.80,
63,121109,9260125492,04APR2009,04APR2009,1235384426,1,240700100012,1,$21.99,$9.10,
16,99999999,3940105865,25APR2009,27APR2009,1235591214,2,240400200022,1,$93.40,$38.95,
16,99999999,3940105865,25APR2009,27APR2009,1235591214,2,240400200036,1,$55.50,$25.10,
16,99999999,3940105865,27APR2009,29APR2009,1235611754,2,240400300033,2,$71.40,$14.35,
16,99999999,3940105865,27APR2009,29APR2009,1235611754,2,240400300035,2,$38.20,$7.70,
16,99999999,3940105865,10MAY2009,12MAY2009,1235744141,2,230100500081,2,$146.00,$30.35,
16,99999999,3940105865,10MAY2009,12MAY2009,1235744141,2,230100700009,3,"$1,687.50",$287.10,
24,99999999,9260115784,18MAY2009,24MAY2009,1235830338,2,220200100202,1,$92.00,$46.10,
24,99999999,9260115784,18MAY2009,24MAY2009,1235830338,2,220200200073,1,$145.90,$66.35,
171,120127,1600101555,21MAY2009,21MAY2009,1235856852,1,220100100019,1,$27.70,$13.95,
171,120127,1600101555,21MAY2009,21MAY2009,1235856852,1,220101400152,1,$13.10,$5.90,
36,99999999,9260128237,23MAY2009,26MAY2009,1235881915,3,240700400004,2,$26.40,$5.95,
49,121040,9260104510,26MAY2009,26MAY2009,1235913793,1,220101200025,1,$26.70,$11.60,
79,99999999,9260101874,27MAY2009,03JUN2009,1235926178,3,210200200022,2,$36.00,$7.05,
12386,99999999,4750100001,31MAY2009,01JUN2009,1235963427,2,220100700024,3,$313.80,$49.80,
12386,99999999,4750100001,31MAY2009,01JUN2009,1235963427,2,220100900029,1,$31.40,$12.55,
183,120127,1600100760,06JUN2009,06JUN2009,1236017640,1,220101400092,1,$57.70,$25.70,
9,99999999,3940106659,07JUN2009,12JUN2009,1236028541,3,230100500056,2,$16.00,$3.50,
10,121136,9260129395,09JUN2009,09JUN2009,1236055696,1,240800100041,1,$292.50,$121.75,
908,99999999,9050100023,10JUN2009,14JUN2009,1236066649,2,230100300010,1,$46.70,$18.75,
36,99999999,9260128237,15JUN2009,18JUN2009,1236113431,3,230100200066,2,$25.80,$5.45,
26148,99999999,2600100010,17JUN2009,19JUN2009,1236128445,2,240200100053,2,$174.40,$44.95,
16,99999999,3940105865,17JUN2009,19JUN2009,1236128456,2,230100500006,2,$16.80,$3.45,
16,99999999,3940105865,17JUN2009,19JUN2009,1236128456,2,230100600016,2,$154.00,$38.60,
23,99999999,9260126679,22JUN2009,27JUN2009,1236183578,2,240500100026,2,$110.40,$24.50,
23,99999999,9260126679,22JUN2009,27JUN2009,1236183578,2,240500200007,3,$28.50,$4.55,
41,120131,1600101527,26JUN2009,26JUN2009,1236216065,1,240200100118,1,$175.50,$89.55,
92,121051,9260117676,08JUL2009,08JUL2009,1236349115,1,240200100221,4,$396.00,$49.60,
92,121051,9260117676,08JUL2009,08JUL2009,1236349115,1,240200200024,2,$250.80,$12.50,
111,120123,1600102072,11JUL2009,11JUL2009,1236369939,1,240100100365,1,$191.60,$87.40,
111,120123,1600102072,11JUL2009,11JUL2009,1236369939,1,240100400037,1,$231.00,$113.65,
70108,99999999,2600100046,22JUL2009,02AUG2009,1236483576,2,240200200071,4,$74.80,$10.00,
9,99999999,3940106659,10AUG2009,15AUG2009,1236673732,3,230100700008,3,"$1,542.60",$250.70,
9,99999999,3940106659,10AUG2009,15AUG2009,1236673732,3,230100700011,2,$550.20,$113.45,
70221,99999999,2600100019,12AUG2009,14AUG2009,1236694462,3,240200100056,2,$82.40,$19.90,
34,121027,9260111379,12AUG2009,12AUG2009,1236701935,1,210200300052,2,$43.80,$11.05,
183,120136,1600100760,21AUG2009,21AUG2009,1236783056,1,240300200058,2,$183.60,$41.70,
183,120136,1600100760,21AUG2009,21AUG2009,1236783056,1,240300300090,3,"$1,561.80",$237.05,
215,120170,1600102721,28AUG2009,28AUG2009,1236852196,1,240600100016,1,$55.30,$21.90,
3959,99999999,8010100151,03SEP2009,04SEP2009,1236923123,3,240100100031,1,$3.70,$1.30,
70165,99999999,2600100006,08SEP2009,18SEP2009,1236965430,3,240200100050,2,$27.00,$6.65,
79,99999999,9260101874,27SEP2009,08OCT2009,1237165927,3,240500100057,2,$76.80,$17.10,
111,120143,1600102072,03OCT2009,03OCT2009,1237218771,1,230100500072,1,$26.10,$11.90,
195,120124,1600101663,08OCT2009,08OCT2009,1237272696,1,240100400069,2,$186.60,$39.95,
195,120124,1600101663,08OCT2009,08OCT2009,1237272696,1,240100400142,2,$338.80,$84.85,
10,121043,9260129395,13OCT2009,13OCT2009,1237327705,1,220100100298,1,$52.90,$26.55,
10,121043,9260129395,13OCT2009,13OCT2009,1237327705,1,220100100617,1,$37.30,$18.75,
2618,99999999,8010100125,13OCT2009,18OCT2009,1237331045,3,240100100366,1,$16.30,$7.80,
41,120145,1600101527,18OCT2009,18OCT2009,1237370327,1,230100600031,1,$88.50,$42.45,
171,99999999,1600101555,26OCT2009,30OCT2009,1237450174,3,220100800001,2,$77.20,$18.35,
171,99999999,1600101555,26OCT2009,30OCT2009,1237450174,3,220101400349,1,$11.90,$4.80,
908,99999999,9050100023,28OCT2009,01NOV2009,1237478988,2,230100200004,1,$99.90,$50.05,
1100,99999999,9050100008,31OCT2009,02NOV2009,1237507462,2,230100400025,3,$51.00,$6.60,
1100,99999999,9050100008,31OCT2009,02NOV2009,1237507462,2,230100700009,1,$568.10,$289.95,
79,121081,9260101874,01NOV2009,01NOV2009,1237517484,1,240400300013,1,$54.30,$22.60,
65,99999999,3940100176,16NOV2009,22NOV2009,1237664026,3,230100200004,1,$99.90,$50.05,
10,99999999,9260129395,16NOV2009,21NOV2009,1237670443,2,240800200034,1,$74.80,$34.00,
53,120190,1600103258,19NOV2009,19NOV2009,1237695520,1,220200100129,3,$240.00,$39.45,
10,99999999,9260129395,24NOV2009,29NOV2009,1237751376,2,240100400043,1,$279.30,$138.10,
56,121027,9260111871,28NOV2009,28NOV2009,1237789102,1,210200300007,1,$50.40,$25.30,
9,99999999,3940106659,02DEC2009,07DEC2009,1237825036,3,240400300039,2,$39.20,$7.90,
5,121041,9260114570,08DEC2009,08DEC2009,1237890730,1,220101400265,2,$74.20,$16.55,
5,121041,9260114570,08DEC2009,08DEC2009,1237890730,1,220101400387,4,$50.40,$5.85,
29,99999999,1600103020,09DEC2009,14DEC2009,1237894107,2,220100700027,2,$119.00,$29.85,
70187,99999999,2600100035,09DEC2009,14DEC2009,1237894966,2,240200100050,2,$19.98,$6.65,30%
23,99999999,9260126679,12DEC2009,17DEC2009,1237928021,2,240800100074,3,$949.80,$126.70,
23,99999999,9260126679,12DEC2009,17DEC2009,1237928021,2,240800200037,3,$164.40,$23.75,
41,120158,1600101527,17DEC2009,17DEC2009,1237974997,1,240400300013,3,$162.90,$22.60,
36,99999999,9260128237,18DEC2009,21DEC2009,1237989406,3,230100100018,2,$318.20,$67.40,
46966,99999999,2600100011,21DEC2009,22DEC2009,1238013821,3,240200200026,3,$312.00,$41.65,
9,99999999,3940106659,25DEC2009,30DEC2009,1238053337,3,230100700008,1,$514.20,$250.70,
41,99999999,1600101527,06JAN2010,10JAN2010,1238161695,2,240100100477,2,$17.00,$3.30,
63,121064,9260125492,06JAN2010,06JAN2010,1238168538,1,230100200073,1,$46.90,$20.20,
10,121106,9260129395,14JAN2010,14JAN2010,1238231237,1,240700200021,1,$19.60,$10.55,
88,121039,9260100179,17JAN2010,17JAN2010,1238255107,1,220100100581,1,$38.70,$19.45,
215,120127,1600102721,20JAN2010,20JAN2010,1238273927,1,220100700022,3,$170.70,$24.10,
70210,99999999,2600100015,24JAN2010,25JAN2010,1238305578,3,240200100246,1,$16.20,$7.90,
52,121025,9260116235,25JAN2010,25JAN2010,1238319276,1,240100100305,1,$8.90,$4.10,
89,121106,9260116551,25JAN2010,25JAN2010,1238319281,1,240700100007,1,$22.85,$9.30,
111,120127,1600102072,30JAN2010,30JAN2010,1238353296,1,220101300001,2,$67.20,$14.95,
111,120127,1600102072,30JAN2010,30JAN2010,1238353296,1,220101400138,3,$140.10,$23.45,
31,121044,9260128428,31JAN2010,31JAN2010,1238367238,1,220100800001,1,$38.60,$18.35,
19,99999999,3940106547,01FEB2010,06FEB2010,1238370259,3,230100600028,1,$96.70,$48.45,
41,120151,1600101527,02FEB2010,02FEB2010,1238377562,1,230100600016,2,$154.00,$38.60,
10,121073,9260129395,03FEB2010,03FEB2010,1238393448,1,230100500094,1,$86.60,$34.10,
19,99999999,3940106547,08FEB2010,13FEB2010,1238426415,3,230100700011,1,$283.30,$116.85,
52,121042,9260116235,09FEB2010,09FEB2010,1238440880,1,220100100530,1,$52.20,$26.20,
50,99999999,3940105781,14FEB2010,15FEB2010,1238474357,2,230100700011,2,$566.60,$116.85,
71,121054,9260124130,18FEB2010,18FEB2010,1238510159,1,240300200009,1,$48.70,$18.15,
71,121054,9260124130,18FEB2010,18FEB2010,1238510159,1,240300300024,1,$54.10,$23.00,
19,99999999,3940106547,24FEB2010,01MAR2010,1238553101,3,240400200091,1,$217.00,$90.40,
88,121033,9260100179,02MAR2010,02MAR2010,1238605995,1,210201100004,1,$47.90,$20.90,
88,121023,9260100179,06MAR2010,06MAR2010,1238637449,1,240100400151,1,$419.00,$209.45,
12,121069,9260103713,07MAR2010,07MAR2010,1238646479,1,230100200043,1,$56.70,$27.25,
90,121072,9260111614,07MAR2010,07MAR2010,1238646484,1,230100300013,1,$24.80,$5.00,
53,120121,1600103258,11MAR2010,11MAR2010,1238674844,1,240100100508,1,$48.30,$19.25,
12,121051,9260103713,11MAR2010,11MAR2010,1238678581,1,240200100181,1,$109.30,$56.60,
12,121051,9260103713,11MAR2010,11MAR2010,1238678581,1,240200200080,2,$187.60,$9.40,
10,121044,9260129395,12MAR2010,12MAR2010,1238686430,1,220101400201,1,$40.60,$18.05,
2806,99999999,8010100089,13MAR2010,17MAR2010,1238696385,2,240100100312,2,$36.20,$7.70,
53,120127,1600103258,16MAR2010,16MAR2010,1238712056,1,220100100185,1,$97.60,$48.90,
53,120127,1600103258,16MAR2010,16MAR2010,1238712056,1,220100700002,1,$186.80,$89.10,
195,120177,1600101663,19MAR2010,19MAR2010,1238735750,1,240700400020,2,$155.60,$40.50,
928,99999999,9050100016,26MAR2010,30MAR2010,1238797437,2,230100100063,2,$767.80,$176.05,
52,121024,9260116235,27MAR2010,27MAR2010,1238805678,1,240100100714,1,$92.80,$39.85,
52,121024,9260116235,27MAR2010,27MAR2010,1238805678,1,240100400006,1,$229.10,$113.25,
89,121039,9260116551,27MAR2010,27MAR2010,1238805703,1,220101400285,1,$59.40,$27.05,
14703,99999999,4750100002,28MAR2010,31MAR2010,1238812262,2,220100100309,1,$96.30,$48.25,
14703,99999999,4750100002,28MAR2010,31MAR2010,1238812262,2,220101400373,1,$51.80,$23.65,
88,121056,9260100179,01APR2010,01APR2010,1238846184,1,220200100035,1,$62.60,$31.40,
70187,99999999,2600100035,03APR2010,08APR2010,1238856867,2,220101000002,1,$17.70,$8.00,
39,121105,9260123099,04APR2010,04APR2010,1238870441,1,240700200007,1,$5.10,$2.20,
3959,99999999,8010100151,04APR2010,06APR2010,1238872273,3,240100100434,1,$16.40,$8.05,
89,121042,9260116551,09APR2010,09APR2010,1238910092,1,220100100309,2,$192.60,$48.25,
89,121042,9260116551,09APR2010,09APR2010,1238910092,1,220101400363,2,$78.00,$16.95,
215,120172,1600102721,12APR2010,12APR2010,1238928257,1,240600100181,1,$37.40,$16.30,
29,99999999,1600103020,17APR2010,21APR2010,1238968334,2,220100100025,1,$17.40,$8.80,
29,99999999,1600103020,19APR2010,23APR2010,1238985782,2,240100100703,1,$79.90,$34.30,
19,99999999,3940106547,21APR2010,26APR2010,1239003827,3,230100600016,1,$77.00,$38.60,
70221,99999999,2600100019,23APR2010,25APR2010,1239018454,3,240200100073,1,$22.30,$12.60,
70221,99999999,2600100019,23APR2010,25APR2010,1239018454,3,240200200068,1,$313.80,$159.15,
12,121030,9260103713,27APR2010,27APR2010,1239057268,1,210200500006,2,$48.00,$11.95,
29,99999999,1600103020,12MAY2010,16MAY2010,1239172417,2,240100100148,2,$51.60,$10.95,
39,99999999,9260123099,12MAY2010,17MAY2010,1239179935,2,240700300002,1,$21.99,$7.25,
52,121040,9260116235,14MAY2010,14MAY2010,1239194032,1,220100100192,1,$27.40,$13.80,
90,121020,9260111614,15MAY2010,15MAY2010,1239201604,1,240100400129,3,$712.20,$111.00,
29,99999999,1600103020,18MAY2010,22MAY2010,1239220388,2,240100100184,1,$190.40,$88.80,
20,99999999,9260118934,18MAY2010,24MAY2010,1239226632,3,220200100190,3,$190.50,$29.95,
63,121087,9260125492,21MAY2010,21MAY2010,1239248786,1,240500100015,3,$174.30,$25.80,
63,121087,9260125492,21MAY2010,21MAY2010,1239248786,1,240500200093,1,$41.70,$19.75,
41,120152,1600101527,23MAY2010,23MAY2010,1239258470,1,240400200003,1,$6.20,$3.00,
53,120143,1600103258,24MAY2010,24MAY2010,1239266107,1,230100600038,1,$112.50,$54.95,
45,121075,9260104847,29MAY2010,29MAY2010,1239312711,1,230100600016,3,$231.00,$38.60,
45,121075,9260104847,29MAY2010,29MAY2010,1239312711,1,230100700011,3,$849.90,$116.85,
1100,99999999,9050100008,30MAY2010,01JUN2010,1239320891,2,230100200006,3,$279.30,$46.65,
52,121037,9260116235,02JUN2010,02JUN2010,1239346133,1,220100100273,3,$116.40,$19.50,
52,121037,9260116235,02JUN2010,02JUN2010,1239346133,1,220100300042,1,$208.60,$84.35,
183,120143,1600100760,04JUN2010,04JUN2010,1239353855,1,230100500066,1,$12.70,$6.10,
89,121105,9260116551,05JUN2010,05JUN2010,1239368476,1,240700100012,3,$65.97,$9.10,
52,121105,9260116235,10JUN2010,10JUN2010,1239408849,1,240700100017,2,$53.20,$11.40,
29,99999999,1600103020,11JUN2010,15JUN2010,1239410348,2,220100800071,1,$32.80,$15.70,
88,121036,9260100179,11JUN2010,11JUN2010,1239416627,1,220100800040,2,$248.20,$59.05,
195,120127,1600101663,12JUN2010,12JUN2010,1239418524,1,220100100536,2,$408.80,$102.30,
41,99999999,1600101527,15JUN2010,19JUN2010,1239442095,2,210201000198,2,$120.20,$26.80,
17023,99999999,2600100021,22JUN2010,27JUN2010,1239498112,3,240200200044,2,$97.80,$19.60,
90,121040,9260111614,27JUN2010,27JUN2010,1239543223,1,220100100635,2,$172.80,$43.30,
90,121040,9260111614,27JUN2010,27JUN2010,1239543223,1,220101300012,2,$38.60,$8.75,
45,121127,9260104847,06JUL2010,06JUL2010,1239615368,1,240800200002,1,$178.88,$71.55,
88,121040,9260100179,16JUL2010,16JUL2010,1239693951,1,220100900035,2,$83.60,$19.45,
16,99999999,3940105865,19JUL2010,20JUL2010,1239713046,2,230100500058,4,$66.80,$7.25,
16,99999999,3940105865,19JUL2010,20JUL2010,1239713046,2,230100500082,2,$252.20,$58.60,
16,99999999,3940105865,19JUL2010,20JUL2010,1239713046,2,230100600031,2,$177.00,$42.45,
71,121073,9260124130,21JUL2010,21JUL2010,1239735632,1,230100700009,2,"$1,136.20",$289.95,
13,99999999,3940105189,23JUL2010,28JUL2010,1239744161,2,240400200003,1,$6.20,$3.00,
13,99999999,3940105189,23JUL2010,28JUL2010,1239744161,2,240400300035,2,$38.20,$7.70,
60,121036,9260101262,25JUL2010,25JUL2010,1239765451,1,220101400004,2,$211.40,$48.15,
60,121036,9260101262,25JUL2010,25JUL2010,1239765451,1,220101400148,2,$21.00,$4.75,
65,99999999,3940100176,28JUL2010,03AUG2010,1239785436,3,230100600031,4,$354.00,$42.45,
1684,99999999,9050100008,01AUG2010,04AUG2010,1239821232,2,230100500013,2,$18.80,$4.75,
54655,99999999,2600100013,02AUG2010,05AUG2010,1239823829,2,240200200081,2,$214.60,$10.75,
12,121090,9260103713,03AUG2010,03AUG2010,1239836937,1,240500100043,2,$52.40,$8.85,
12,121042,9260103713,08AUG2010,08AUG2010,1239874523,1,220101400047,2,$48.40,$11.10,
16,99999999,3940105865,16AUG2010,17AUG2010,1239932984,2,220200200079,2,$285.80,$64.85,
16,99999999,3940105865,16AUG2010,17AUG2010,1239932984,2,220200300129,5,$406.00,$37.05,
52,120732,9260116235,19AUG2010,19AUG2010,1239962634,1,230100500080,2,$50.00,$12.20,
53,99999999,1600103258,21AUG2010,23AUG2010,1239972644,2,220101400237,1,$102.90,$46.90,
90,121060,9260111614,23AUG2010,23AUG2010,1239994933,1,220200300082,3,$213.00,$32.30,
71,99999999,9260124130,30AUG2010,05SEP2010,1240051245,3,230100100028,1,$250.90,$104.20,
71,99999999,9260124130,30AUG2010,05SEP2010,1240051245,3,230100200022,3,$359.10,$56.90,
60,121066,9260101262,31AUG2010,31AUG2010,1240060066,1,230100100062,1,$141.70,$61.00,
544,99999999,9050100008,10SEP2010,11SEP2010,1240137702,2,230100300023,1,$36.00,$15.00,
70165,99999999,2600100006,15SEP2010,16SEP2010,1240173354,3,240200100225,2,$306.20,$77.85,
29,99999999,1600103020,17SEP2010,21SEP2010,1240187143,2,240100400100,1,$154.60,$116.60,
10,121039,9260129395,18SEP2010,18SEP2010,1240201886,1,220101400339,1,$32.30,$14.75,
52,121051,9260116235,28SEP2010,28SEP2010,1240283215,1,240200100118,1,$175.50,$89.55,
52,121051,9260116235,28SEP2010,28SEP2010,1240283215,1,240200100164,2,$112.20,$28.15,
52,121051,9260116235,28SEP2010,28SEP2010,1240283215,1,240200100227,2,$323.80,$75.90,
90,121071,9260111614,01OCT2010,01OCT2010,1240306942,1,230100500056,1,$8.00,$3.50,
90,121071,9260111614,01OCT2010,01OCT2010,1240306942,1,230100600018,1,$64.20,$32.20,
908,99999999,9050100023,02OCT2010,06OCT2010,1240314947,2,230100600028,1,$96.70,$48.45,
17,121074,9260123306,02OCT2010,02OCT2010,1240314956,1,230100500094,1,$86.60,$34.10,
10,121063,9260129395,07OCT2010,07OCT2010,1240355393,1,230100600022,1,$84.10,$42.15,
63,120733,9260125492,10OCT2010,10OCT2010,1240379679,1,230100200004,1,$99.90,$50.05,
63,120733,9260125492,10OCT2010,10OCT2010,1240379679,1,230100500077,1,$173.00,$72.75,
89,121140,9260116551,11OCT2010,11OCT2010,1240387741,1,240800200020,1,$187.20,$85.15,
183,120153,1600100760,17OCT2010,17OCT2010,1240430921,1,240400200093,1,$155.80,$64.95,
29,99999999,1600103020,19OCT2010,23OCT2010,1240446608,2,220100100553,1,$35.00,$17.60,
29,99999999,1600103020,19OCT2010,23OCT2010,1240446608,2,220100700046,2,$305.80,$72.90,
50,99999999,3940105781,19OCT2010,20OCT2010,1240447572,2,230100200056,1,$270.00,$125.65,
10,121036,9260129395,20OCT2010,20OCT2010,1240461993,1,220100300020,1,$11.30,$4.55,
10,121036,9260129395,20OCT2010,20OCT2010,1240461993,1,220100800009,1,$52.50,$24.95,
10,121036,9260129395,20OCT2010,20OCT2010,1240461993,1,220101400276,1,$68.40,$31.20,
29,99999999,1600103020,24OCT2010,28OCT2010,1240485814,2,220101400290,1,$74.80,$34.10,
63,121033,9260125492,26OCT2010,26OCT2010,1240509842,1,210200500007,1,$39.40,$17.80,
50,99999999,3940105781,27OCT2010,28OCT2010,1240512744,2,240300100046,2,$28.80,$7.05,
89,121061,9260116551,31OCT2010,31OCT2010,1240549230,1,220200100012,1,$58.70,$28.25,
19,99999999,3940106547,03NOV2010,08NOV2010,1240568966,3,220200100226,1,$133.20,$66.70,
215,120192,1600102721,05NOV2010,05NOV2010,1240581932,1,210201000199,3,$124.20,$18.85,
2788,99999999,9050100001,05NOV2010,07NOV2010,1240588370,2,230100500082,1,$126.10,$58.60,
16,99999999,3940105865,07NOV2010,08NOV2010,1240599396,2,230100700002,1,$220.00,$135.00,
16,99999999,3940105865,07NOV2010,08NOV2010,1240599396,2,230100700004,1,$360.00,$199.00,
63,121071,9260125492,07NOV2010,07NOV2010,1240604971,1,230100600030,1,$86.30,$41.40,
20,121069,9260118934,08NOV2010,08NOV2010,1240613362,1,230100100017,1,$175.30,$74.95,
88,121086,9260100179,18NOV2010,18NOV2010,1240692950,1,240500100039,1,$34.50,$15.40,
544,99999999,9050100008,29NOV2010,30NOV2010,1240782710,2,230100500066,1,$12.70,$6.10,
544,99999999,9050100008,29NOV2010,30NOV2010,1240782710,2,230100600005,1,$129.80,$63.20,
544,99999999,9050100008,08DEC2010,09DEC2010,1240856801,2,230100600028,2,$193.40,$48.45,
544,99999999,9050100008,08DEC2010,09DEC2010,1240856801,2,230100600039,1,$124.70,$59.65,
1100,99999999,9050100008,10DEC2010,12DEC2010,1240870047,2,230100100015,2,$213.80,$45.50,
52,121030,9260116235,12DEC2010,12DEC2010,1240886449,1,210200200023,1,$19.80,$8.25,
52,121044,9260116235,14DEC2010,14DEC2010,1240903120,1,220100100592,2,$62.20,$15.65,
52,121044,9260116235,14DEC2010,14DEC2010,1240903120,1,220100100629,4,$213.20,$26.75,
16,99999999,3940105865,22DEC2010,23DEC2010,1240961599,2,230100200025,4,"$1,103.60",$125.25,
16,99999999,3940105865,22DEC2010,23DEC2010,1240961599,2,230100600015,1,$78.20,$39.20,
24,99999999,9260115784,02JAN2011,05JAN2011,1241054779,3,240800200021,2,$195.60,$42.45,
89,121135,9260116551,03JAN2011,04JAN2011,1241063739,1,240800200035,6,$160.80,$12.15,
171,120134,1600101555,04JAN2011,04JAN2011,1241066216,1,240200100225,2,$306.20,$77.85,
53,99999999,1600103258,06JAN2011,09JAN2011,1241086052,3,210200500002,3,$37.80,$5.70,
53,120131,1600103258,13JAN2011,13JAN2011,1241147641,1,240200200091,2,$362.60,$72.60,
171,120136,1600101555,23JAN2011,30JAN2011,1241235281,1,240300100001,1,$72.60,$36.25,
111,120164,1600102072,24JAN2011,24JAN2011,1241244297,1,240500100041,2,$258.20,$51.70,
111,120164,1600102072,24JAN2011,24JAN2011,1241244297,1,240500200042,2,$81.20,$19.35,
111,120164,1600102072,24JAN2011,24JAN2011,1241244297,1,240500200101,3,$358.20,$49.75,
3959,99999999,8010100151,25JAN2011,26JAN2011,1241263172,3,240100400004,1,$102.40,$51.15,
3959,99999999,8010100151,25JAN2011,26JAN2011,1241263172,3,240100400062,1,$113.20,$54.00,
27,99999999,9260105670,28JAN2011,02FEB2011,1241286432,3,240800200009,2,$174.40,$34.90,
2806,99999999,8010100089,29JAN2011,08FEB2011,1241298131,2,240100400058,1,$37.40,$29.65,
12,121043,9260103713,05FEB2011,05FEB2011,1241359997,1,220100100105,1,$117.60,$58.90,
171,120124,1600101555,07FEB2011,07FEB2011,1241371145,1,240100400046,2,$656.60,$165.95,
171,120124,1600101555,07FEB2011,07FEB2011,1241371145,1,240100400085,2,$129.00,$30.95,
41,120131,1600101527,09FEB2011,09FEB2011,1241390440,1,240200100046,2,$36.20,$9.15,
18,121042,9260112361,16FEB2011,17FEB2011,1241461856,1,220100100523,1,$29.40,$14.80,
171,120127,1600101555,28FEB2011,28FEB2011,1241561055,1,220101400088,5,$192.00,$17.50,
24,99999999,9260115784,06MAR2011,09MAR2011,1241623505,3,240700400017,1,$46.90,$21.95,
70100,99999999,2600100015,09MAR2011,13MAR2011,1241645664,2,240200200020,1,$150.10,$14.00,
27,99999999,9260105670,09MAR2011,14MAR2011,1241652707,3,240700400017,3,$140.70,$21.95,
10,121040,9260129395,13MAR2011,19MAR2011,1241686210,1,220100100235,1,$32.60,$16.40,
92,121106,9260117676,16MAR2011,16MAR2011,1241715610,1,240700200019,1,$16.90,$8.60,
31,121025,9260128428,18MAR2011,18MAR2011,1241731828,1,240100100410,1,$22.70,$10.40,
31,121025,9260128428,18MAR2011,18MAR2011,1241731828,1,240100100665,1,$41.50,$17.25,
17023,99999999,2600100021,25MAR2011,30MAR2011,1241789227,3,240200100211,1,$121.00,$60.65,
56,121051,9260111871,05APR2011,09APR2011,1241895594,1,240200100034,2,$24.40,$4.45,
56,121051,9260111871,05APR2011,09APR2011,1241895594,1,240200100050,1,$13.50,$6.65,
46966,99999999,2600100011,07APR2011,08APR2011,1241909303,3,240200200081,1,$107.30,$10.75,
27,99999999,9260105670,09APR2011,14APR2011,1241930625,3,220200100012,1,$58.70,$28.25,
27,99999999,9260105670,09APR2011,14APR2011,1241930625,3,220200100171,1,$56.30,$31.05,
27,99999999,9260105670,09APR2011,14APR2011,1241930625,3,220200200014,1,$90.00,$40.90,
171,120152,1600101555,15APR2011,15APR2011,1241977403,1,240400300035,1,$19.10,$7.70,
10,121040,9260129395,18APR2011,18APR2011,1242012259,1,220100300037,2,$231.60,$48.70,
10,121040,9260129395,18APR2011,18APR2011,1242012259,1,220101400032,2,$19.20,$4.85,
45,121040,9260104847,18APR2011,18APR2011,1242012269,1,220100300019,4,$142.40,$16.70,
45,121040,9260104847,18APR2011,18APR2011,1242012269,1,220101400216,3,$73.80,$11.30,
183,120132,1600100760,21APR2011,21APR2011,1242035131,1,240200200061,1,$147.10,$58.85,
31,99999999,9260128428,25APR2011,29APR2011,1242076538,3,220200200022,1,$57.30,$33.90,
92,121086,9260117676,01MAY2011,01MAY2011,1242130888,1,240500100017,3,$160.50,$23.75,
5,99999999,9260114570,02MAY2011,07MAY2011,1242140006,3,240100100159,1,$31.40,$13.90,
90,99999999,9260111614,02MAY2011,04MAY2011,1242140009,2,240100100434,1,$16.40,$8.05,
90,99999999,9260111614,02MAY2011,04MAY2011,1242140009,2,240100400128,1,$192.40,$89.90,
90,121032,9260111614,03MAY2011,03MAY2011,1242149082,1,210200300006,1,$14.30,$7.70,
90,121032,9260111614,03MAY2011,03MAY2011,1242149082,1,210200900033,4,$56.80,$6.45,
5,99999999,9260114570,04MAY2011,09MAY2011,1242159212,3,230100200029,2,$446.60,$101.65,
2550,99999999,8010100009,04MAY2011,09MAY2011,1242161468,3,240100100232,3,$9.60,$1.30,
2550,99999999,8010100009,04MAY2011,09MAY2011,1242161468,3,240100400080,1,$222.00,$110.95,
46966,99999999,2600100011,05MAY2011,06MAY2011,1242162201,3,240200100053,2,$174.40,$44.95,
1033,99999999,9050100001,06MAY2011,10MAY2011,1242173926,3,230100600026,3,$355.80,$59.40,
41,120136,1600101527,08MAY2011,08MAY2011,1242185055,1,240300100049,1,$19.90,$8.90,
70079,99999999,2600100039,11MAY2011,14MAY2011,1242214574,3,240200100230,2,$29.40,$6.65,
171,120127,1600101555,13MAY2011,13MAY2011,1242229985,1,220100100189,2,$189.40,$47.45,
70187,99999999,2600100035,16MAY2011,21MAY2011,1242259863,2,240200100157,2,$706.20,$196.15,
10,121105,9260129395,16MAY2011,16MAY2011,1242265757,1,240700100004,3,$79.80,$13.75,
27,99999999,9260105670,05JUN2011,10JUN2011,1242449327,3,240100100679,2,$91.60,$19.50,
10,121071,9260129395,06JUN2011,06JUN2011,1242458099,1,230100400007,1,$12.20,$4.90,
34,99999999,9260111379,07JUN2011,13JUN2011,1242467585,3,240100100690,2,$403.00,$86.10,
34,99999999,9260111379,07JUN2011,13JUN2011,1242467585,3,240100100737,5,$239.50,$20.65,
31,99999999,9260128428,08JUN2011,12JUN2011,1242477751,3,220200200036,2,$120.40,$27.40,
31,99999999,9260128428,08JUN2011,12JUN2011,1242477751,3,220200200077,2,$277.60,$63.15,
5,121056,9260114570,10JUN2011,10JUN2011,1242493791,1,220200100009,2,$126.80,$30.50,
31,121067,9260128428,11JUN2011,11JUN2011,1242502670,1,230100500056,2,$16.00,$3.50,
31,121067,9260128428,11JUN2011,11JUN2011,1242502670,1,230100500087,2,$195.00,$40.55,
17023,99999999,2600100021,13JUN2011,18JUN2011,1242515373,3,240200100057,4,$168.00,$20.25,
70165,99999999,2600100006,15JUN2011,22JUN2011,1242534503,3,240200100118,4,$702.00,$89.55,
89,99999999,9260116551,17JUN2011,21JUN2011,1242557584,2,240500200083,2,$134.60,$28.00,
171,120130,1600101555,18JUN2011,18JUN2011,1242559569,1,220100700023,1,$73.99,$44.25,30%
2806,99999999,8010100089,18JUN2011,22JUN2011,1242568696,2,240100100029,2,$239.00,$51.70,
2806,99999999,8010100089,18JUN2011,22JUN2011,1242568696,2,240100400098,3,$755.40,$125.85,
70100,99999999,2600100015,20JUN2011,24JUN2011,1242578860,2,240200100173,4,"$1,937.20",$247.70,
12,121037,9260103713,23JUN2011,23JUN2011,1242610991,1,220101400047,2,$48.40,$11.10,
45,121109,9260104847,27JUN2011,27JUN2011,1242647539,1,240700200009,2,$56.00,$11.35,
90,121037,9260111614,28JUN2011,28JUN2011,1242657273,1,220100100410,3,$33.60,$5.70,
90,99999999,9260111614,02JUL2011,04JUL2011,1242691897,2,240500100062,2,$110.20,$24.05,
10,121107,9260129395,07JUL2011,07JUL2011,1242736731,1,240700200010,3,$80.70,$10.30,
24,99999999,9260115784,11JUL2011,14JUL2011,1242773202,3,240600100185,2,$70.20,$15.60,
27,99999999,9260105670,12JUL2011,17JUL2011,1242782701,3,240500200081,3,$403.50,$56.05,
10,121105,9260129395,17JUL2011,17JUL2011,1242827683,1,240700300002,1,$21.99,$7.25,
10,121027,9260129395,18JUL2011,18JUL2011,1242836878,1,210201000067,2,$60.60,$13.50,
41,120195,1600101527,19JUL2011,19JUL2011,1242838815,1,210200500007,1,$39.40,$17.80,
41,120195,1600101527,19JUL2011,19JUL2011,1242838815,1,210200600056,1,$50.40,$22.75,
2806,99999999,8010100089,19JUL2011,23JUL2011,1242848557,2,240100100312,3,$54.30,$7.70,
70165,99999999,2600100006,28JUL2011,29JUL2011,1242923327,3,240200100081,2,$16.60,$3.65,
171,120124,1600101555,30JUL2011,30JUL2011,1242938120,1,240100200004,1,$35.20,$14.80,
65,99999999,3940100176,03AUG2011,07AUG2011,1242977743,2,240400200012,2,$351.40,$75.95,
2806,99999999,8010100089,06AUG2011,10AUG2011,1243012144,2,240100100615,2,$25.80,$5.45,
2806,99999999,8010100089,06AUG2011,10AUG2011,1243012144,2,240100400083,2,$219.00,$54.70,
10,120733,9260129395,08AUG2011,08AUG2011,1243026971,1,230100500082,2,$252.20,$58.60,
41,120143,1600101527,10AUG2011,10AUG2011,1243039354,1,230100600003,1,$17.60,$7.75,
53,99999999,1600103258,11AUG2011,14AUG2011,1243049938,3,220100300001,2,$180.40,$38.30,
10,121032,9260129395,17AUG2011,17AUG2011,1243110343,1,210200600067,2,$134.00,$28.90,
10,121032,9260129395,17AUG2011,17AUG2011,1243110343,1,210200900038,3,$60.90,$9.30,
171,120159,1600101555,20AUG2011,20AUG2011,1243127549,1,240400300035,1,$19.10,$7.70,
45,120734,9260104847,22AUG2011,23AUG2011,1243152030,1,230100400010,1,$40.20,$16.85,
90,121089,9260111614,22AUG2011,22AUG2011,1243152039,1,240500200003,2,$47.60,$11.40,
70201,99999999,2600100012,24AUG2011,29AUG2011,1243165497,3,240200100052,2,$201.20,$51.90,
70201,99999999,2600100012,24AUG2011,29AUG2011,1243165497,3,240200100116,3,$658.50,$124.90,
70201,99999999,2600100012,24AUG2011,29AUG2011,1243165497,3,240200100207,2,$215.80,$53.35,
10,121061,9260129395,27AUG2011,27AUG2011,1243198099,1,220200200018,3,$199.20,$30.25,
10,121061,9260129395,27AUG2011,27AUG2011,1243198099,1,220200300154,3,$256.20,$39.80,
171,120141,1600101555,31AUG2011,10SEP2011,1243227745,1,230100500004,2,$6.40,$1.35,
928,99999999,9050100016,04SEP2011,08SEP2011,1243269405,2,230100600030,1,$86.30,$41.40,
27,99999999,9260105670,05SEP2011,10SEP2011,1243279343,3,240500200082,2,$78.40,$16.45,
31,121057,9260128428,06SEP2011,06SEP2011,1243290080,1,220200100137,1,$50.30,$25.25,
45,121065,9260104847,06SEP2011,06SEP2011,1243290089,1,230100600015,1,$78.20,$39.20,
5,121026,9260114570,09SEP2011,09SEP2011,1243315613,1,210200500016,1,$52.50,$22.25,
12,121051,9260103713,18SEP2011,18SEP2011,1243398628,1,240200100053,1,$87.20,$44.95,
69,121029,9260116402,20SEP2011,20SEP2011,1243417726,1,210200700016,1,$23.50,$9.20,
24,99999999,9260115784,25SEP2011,28SEP2011,1243462945,3,240600100102,1,$46.10,$19.70,
41,120195,1600101527,26SEP2011,26SEP2011,1243465031,1,210200600067,2,$134.00,$28.90,
11,99999999,3940108592,28SEP2011,02OCT2011,1243485097,3,220200100002,2,$78.20,$19.65,
89,121024,9260116551,01OCT2011,01OCT2011,1243515588,1,240100400098,1,$251.80,$125.85,
89,121024,9260116551,01OCT2011,01OCT2011,1243515588,1,240100400125,1,$114.20,$44.60,
31,121060,9260128428,07OCT2011,07OCT2011,1243568955,1,220200300096,1,$172.50,$78.50,
171,120138,1600101555,16OCT2011,16OCT2011,1243643970,1,220200200035,1,$101.50,$46.25,
70079,99999999,2600100039,16OCT2011,19OCT2011,1243644877,3,240200100098,1,$14.60,$6.75,
41,120124,1600101527,18OCT2011,18OCT2011,1243661763,1,240100100463,2,$29.40,$6.05,
69,121065,9260116402,18OCT2011,18OCT2011,1243670182,1,230100500004,1,$3.20,$1.35,
31,121061,9260128428,19OCT2011,19OCT2011,1243680376,1,220200100190,1,$63.50,$29.95,
10,121053,9260129395,01NOV2011,01NOV2011,1243797399,1,240300100028,2,"$1,066.40",$251.35,
10,121053,9260129395,01NOV2011,01NOV2011,1243797399,1,240300300065,1,$321.50,$146.35,
41,120128,1600101527,02NOV2011,02NOV2011,1243799681,1,220100100354,1,$17.00,$8.45,
41,120128,1600101527,02NOV2011,02NOV2011,1243799681,1,220100800096,3,$222.30,$35.30,
10,120732,9260129395,03NOV2011,03NOV2011,1243815198,1,230100500092,4,$471.20,$49.05,
10,120732,9260129395,03NOV2011,03NOV2011,1243815198,1,230100500096,1,$35.50,$17.25,
171,120127,1600101555,04NOV2011,04NOV2011,1243817278,1,220101400328,1,$19.00,$8.85,
908,99999999,9050100023,11NOV2011,15NOV2011,1243887390,2,230100700008,1,$519.30,$253.20,
34,121068,9260111379,18NOV2011,18NOV2011,1243951648,1,230100600030,1,$86.30,$41.40,
90,121028,9260111614,19NOV2011,19NOV2011,1243960910,1,210200100009,2,$69.40,$15.50,
215,120175,1600102721,20NOV2011,20NOV2011,1243963366,1,240600100080,2,$60.80,$9.20,
171,120124,1600101555,23NOV2011,23NOV2011,1243991721,1,240100100354,1,$29.90,$14.30,
70187,99999999,2600100035,23NOV2011,28NOV2011,1243992813,2,220100100421,1,$8.20,$4.15,
2806,99999999,8010100089,30NOV2011,04DEC2011,1244066194,2,240100100159,1,$31.40,$13.90,
2806,99999999,8010100089,30NOV2011,04DEC2011,1244066194,2,240100100605,3,$144.60,$20.75,
14104,99999999,4750100001,03DEC2011,06DEC2011,1244086685,3,220100100516,2,$80.40,$20.20,
14104,99999999,4750100001,03DEC2011,06DEC2011,1244086685,3,220100100631,2,$114.20,$28.65,
45,121107,9260104847,05DEC2011,05DEC2011,1244107612,1,240700100001,5,$118.00,$12.30,
45,121107,9260104847,05DEC2011,05DEC2011,1244107612,1,240700400031,2,$126.00,$31.60,
45,121109,9260104847,06DEC2011,06DEC2011,1244117101,1,240700100007,2,$45.70,$9.30,
45,121109,9260104847,06DEC2011,06DEC2011,1244117101,1,240700100017,2,$19.98,$11.40,40%
49,121117,9260104510,06DEC2011,06DEC2011,1244117109,1,240700400003,2,$24.80,$5.60,
31,121121,9260128428,12DEC2011,12DEC2011,1244171290,1,240800100042,3,$760.80,$105.30,
10,121092,9260129395,13DEC2011,13DEC2011,1244181114,1,240500200016,3,$95.10,$14.50,
10,121092,9260129395,13DEC2011,13DEC2011,1244181114,1,240500200122,2,$48.20,$11.50,
89,121118,9260116551,15DEC2011,15DEC2011,1244197366,1,240700200018,4,$75.20,$10.30,
5,121040,9260114570,26DEC2011,26DEC2011,1244296274,1,220101400130,2,$33.80,$5.70,
